Title,Price,Date
Shhh No One Cares Sarcastic Funny Novelty T Shirt,17.98,2024-02-11
Shhh No One Cares Sarcastic Funny Novelty T Shirt,17.98,2024-02-11
Shhh No One Cares Sarcastic Funny Novelty T Shirt,17.98,2024-02-11
Shhh No One Cares Sarcastic Funny Novelty T Shirt,17.98,2024-02-11
Shhh No One Cares Sarcastic Funny Novelty T Shirt,17.98,2024-02-11
Shhh No One Cares Sarcastic Funny Novelty T Shirt,17.98,2024-02-11
Shhh No One Cares Sarcastic Funny Novelty T Shirt,17.98,2024-02-11
Shhh No One Cares Sarcastic Funny Novelty T Shirt,17.98,2024-02-11
Shhh No One Cares Sarcastic Funny Novelty T Shirt,17.98,2024-02-11
Shhh No One Cares Sarcastic Funny Novelty T Shirt,17.98,2024-02-11
Shhh No One Cares Sarcastic Funny Novelty T Shirt,17.98,2024-02-11
